name,location,instrument_type,skill_level,teaching_language,hourly_rate,rating,bio_keywords
Esther Ochieng,Nairobi,Guitar,Beginner,English,20,2.9,"7 Ways A Beginner Guitarist Can Sound Better, Instantly!"
Peter Ochieng,Thika,Piano,Intermediate,English,20,1.4,Instant Harmonica - Christmas. Play Jingle Bells Part 1 now
John Wanjiku,Kisumu,Piano,Beginner,English,150,0.9,Playing Piano:  Popular Pieces Vol. II
Ann Otieno,Mombasa,Guitar,Beginner,English,30,1.4,Ninja Chord Changes - Master your guitar chord changes
Ann Mwangi,Nairobi,Guitar,Beginner,Swahili,20,0.9,Your First 10 Guitar Lessons - Learn how to play guitar
David Mwangi,Nairobi,Guitar,Intermediate,English,20,1.1,Pentatonic Scale Crash Course for Bass Guitar
Joseph Ochieng,Nairobi,Guitar,Intermediate,English,50,1.9,Modal Theory for Guitar (Guitar Lessons from Lutz Academy)
Esther Wanjiku,Eldoret,Piano,Intermediate,English,80,1.3,Learn Fun Dreamy Piano Techniques #1 -  Play White Christmas
Sarah Otieno,Mombasa,Piano,Intermediate,English,50,2.4,Learn Jazz Piano Today
Paul Mutai,Kisumu,Drums,Intermediate,English,25,2.2,Learn To Play The Drums Without A Drum Kit
Esther Chebet,Nairobi,Piano,Intermediate,English,40,1.9,Learn Travis Picking From Scratch
Ann Otieno,Thika,Piano,Beginner,English,20,1.3,Instant Harmonica - how to get single notes in 5 easy steps
David Njoroge,Nakuru,Piano,Intermediate,English,70,1.0,Piano Runs & Fills #3:  Jazzy Chromatic Chord Song Endings
Ann Njoroge,Nairobi,Piano,Beginner,English,30,1.0,Teaching Music : Start teaching an instrument successfully.
Michael Otieno,Nairobi,Guitar,Beginner,English,20,1.4,Strumming from scratch - Rhythm guitar lesson for Beginners
Sarah Kamau,Nairobi,Guitar,Intermediate,English,20,1.4,Blues Guitar Lessons - From Texas To Carolina
Ann Mutai,Nairobi,Piano,Intermediate,English,40,1.2,Instant Harmonica - play the groovy Beatles Yesterday today!
Peter Mwangi,Mombasa,Guitar,Beginner,English,20,1.7,Beginner Guitar Quick-Start Course
John Kamau,Nairobi,Drums,Beginner,English,35,1.5,Mike G's Beginner Drum Course: Part 1
John Kiprop,Nairobi,Guitar,Beginner,English,20,1.5,Guitar for Beginners - Learn the Basics
John Chebet,Mombasa,Piano,Intermediate,English,30,1.6,How To Play The Djembe: For Beginners
Michael Ochieng,Nairobi,Guitar,Intermediate,English,45,1.7,Blues Guitar Lessons - Volume 1 - Blues Shuffle Essentials
Mary Achieng,Nairobi,Guitar,Beginner,English,40,1.8,Beginner Guitar - 38 Easy Lessons You Needs to Get Started
David Mutai,Nairobi,Guitar,Beginner,English,95,1.7,Bass Guitar Lessons For Beginners
David Ochieng,Nairobi,Guitar,Intermediate,English,50,1.3,Pure Pentatonic Power: Rock and Blues Guitar Soloing
Paul Njoroge,Nakuru,Drums,Beginner,Swahili,20,1.4,Rock Drumset Grooves: Level 1
Mary Njoroge,Nairobi,Guitar,Beginner,English,55,1.4,Guitar: The Next Level
Grace Kamau,Mombasa,Piano,Beginner,English,50,2.1,Learn to Play Euphonium: Beginner to Pro in Under Five Hours
Mary Mwangi,Mombasa,Piano,Beginner,English,20,1.9,Learn Oud 1 (No Prior Music Knowledge Required!)
Joseph Chebet,Nairobi,Piano,Intermediate,English,20,1.0,Instant Harmonica - play Dylan's Blowing in the Wind today!
Esther Mutai,Mombasa,Piano,Beginner,English,40,1.2,Improvise On The Piano In 30 Minutes
Grace Wanjiku,Nairobi,Piano,Intermediate,English,35,1.3,Cajon Step-by-Step: Beginner > Intermediate > Advanced
Joseph Wanjiku,Nairobi,Guitar,Intermediate,English,45,1.7,Blues Guitar Lessons - Volume 2 - Slow Blues Essentials
Esther Achieng,Eldoret,Piano,Beginner,English,20,1.3,Instant Harmonica - play the gorgeous Skye Boat Song now!
Mary Chebet,Thika,Piano,Intermediate,English,50,2.2,Learn to Play Trombone: Go From Beginner to Pro in No Time!
Grace Mwangi,Nakuru,Guitar,Intermediate,Swahili,30,1.4,FingerstyleGuitar by Jacques Stotzem - Basic Level
John Achieng,Nairobi,Piano,Beginner,English,20,1.7,Instant Harmonica - play two Star Wars themes in 30 minutes 
Grace Chebet,Nairobi,Piano,Beginner,Swahili,100,1.6,Play Piano To-day! - Beginner Piano Lessons For Busy People!
Sarah Otieno,Kisumu,Flute,Beginner,English,50,2.7,Learn to Play the Flute: Beginner to Pro in Under Five Hours
Jane Chebet,Nairobi,Piano,Intermediate,English,50,0.8,Play Piano 7: Improvise on For All We Know in F Key by Ear
Ann Achieng,Nairobi,Piano,Beginner,Swahili,95,2.3,World's Fastest Piano Method - The Piano Revolution!
David Njoroge,Nairobi,Piano,Beginner,English,50,2.8,Learn to Play the Trumpet: Beginner to Pro Made the Easy Way
Sarah Mwangi,Nairobi,Piano,Beginner,English,50,2.5,Learn to Play Clarinet: Beginner to Pro in Under Five Hours
Peter Njoroge,Eldoret,Piano,Intermediate,English,50,1.5,"Learn To Play The Piano Using Pop, R&B and Gospel Chords"
3 Chords Using Any Key,Nairobi,Piano,Intermediate,English,95,1.4,Play By Ear #4: Play Song By Ear with 3 Chords Using Any Key
Jane Mutai,Kisumu,Piano,Intermediate,English,80,1.4,Worship Piano: From Beginner to Pro
Grace Mutai,Nairobi,Guitar,Intermediate,English,100,1.2,Easy to play Christmas Songs for Guitar
Grace Njoroge,Mombasa,Guitar,Beginner,English,20,2.3,Ultimate Blues Guitar Beginner Lessons
Jane Mwangi,Mombasa,Piano,Beginner,English,20,1.2,How to Play Piano - Your First Lesson!
Mary Mutai,Nairobi,Piano,Beginner,English,50,1.1,Playing Piano : Reading and Playing Classical Tunes Vol.I
Ann Wanjiku,Thika,Piano,Intermediate,English,120,2.1,Blues School! A Course For Beginners in Blues Piano & Improv
John Kamau,Nakuru,Piano,Intermediate,English,80,1.1,Learn Fun Dreamy Piano Techniques # 2 - Play Silver Bells
Grace Wanjiku,Eldoret,Guitar,Beginner,English,40,1.8,31 Day Guitar Challenge
John Chebet,Eldoret,Guitar,Intermediate,English,50,2.1,Percussive Fingerstyle Guitar
John Ochieng,Mombasa,Saxophone,Beginner,English,50,2.8,Learn to Play Saxophone: Beginner to Pro in Under Four Hours
David Njoroge,Eldoret,Guitar,Beginner,Swahili,100,1.7,"Learn BASS GUITAR- Have Fun, Amaze Your Friends- It's Easy! "
Esther Mutai,Nairobi,Guitar,Intermediate,English,50,1.6,Guitar Insanity Workout - Eatmystrings!
Esther Ochieng,Nairobi,Piano,Beginner,English,100,1.2,Playing Piano:  Play Chords and Popular Pieces Vol.I
Paul Chebet,Nairobi,Guitar,Intermediate,English,75,1.1,Guitar Chord Riot! Learn to Play Guitar Like a Guitar Jedi
Mary Kiprop,Nairobi,Guitar,Beginner,English,50,1.3,Guitar: Learn 12 Must Know Beginner Rock Guitar Riffs
Joseph Mwangi,Nairobi,Guitar,Intermediate,English,20,1.1,Guitar Fretboard Mastery for the Blues Guitarist
More Chords,Nairobi,Piano,Beginner,English,55,0.9,Quick & Easy Piano Chords: Play more songs with more chords
Joseph Kiprop,Nakuru,Piano,Beginner,English,40,0.9,Instant Harmonica - play Scarborough Fair in 8 easy lectures
Peter Ochieng,Nairobi,Piano,Intermediate,English,40,1.2,Piano With Willie: Blues n' Boogie Vol. 2
Beginner Blues Piano,Nairobi,Piano,Intermediate,English,75,1.8,Have Fun with Beginner Blues Piano
Mary Njoroge,Mombasa,Piano,Beginner,Swahili,20,1.2,Learn to Play Harp: Beginners Course
Paul Achieng,Nairobi,Piano,Intermediate,English,40,0.9,Instant Harmonica - play this classic 8 bar blues tune!
Michael Wanjiku,Nakuru,Guitar,Intermediate,English,45,1.9,Guitar Lessons - Learning The Neck - Fretboard Mastery
Joseph Otieno,Nairobi,Drums,Intermediate,Swahili,40,1.2,Take your double bass drum technique to the next level
Mary Mutai,Thika,Piano,Intermediate,English,30,1.5,How To Play The Cajon: For Beginners
David Kiprop,Nakuru,Guitar,Intermediate,English,50,1.7,Slide Guitar- Slide Soloing Essentials
Ann Chebet,Nairobi,Piano,Intermediate,Swahili,60,0.9,Learn Piano #8:  Use Augmented Chord Sub & Whole Tone Scales
John Achieng,Nairobi,Guitar,Beginner,English,40,1.6,Learn Acoustic Guitar for Worship
Michael Kiprop,Nakuru,Flute,Intermediate,English,70,1.6,Learn 3 - All Time A R Rahman Hits on Carnatic Flute!
Michael Kamau,Kisumu,Guitar,Intermediate,English,20,2.1,Guitar Lessons: The Essential Beginner & Intermediate Course
Paul Kiprop,Kisumu,Piano,Beginner,English,40,1.2,Instant Harmonica - play the groovy Irish Washerwoman now!
Pen Tapping,Nakuru,Piano,Intermediate,English,200,0.6,Music Fundamentals: Learn Beatmaking with Pen Tapping
Jane Chebet,Nairobi,Piano,Intermediate,English,115,1.7,"Learn to Play Fernando Sor's 'Study in B minor"",https://www.udemy.com/study-in-b-minor/,true,115,1403,5,9,Intermediate Level,43 mins,2014-01-27T20:58:16Z
398746,Piano: The Chord Based System - Learn To Play As The Pros Do"""
Grace Mwangi,Nairobi,Guitar,Intermediate,Swahili,50,0.9,Beginner Guitar Lessons by Paul Gronow
Joseph Wanjiku,Nairobi,Guitar,Intermediate,English,55,1.5,Guitar Fretboard Secrets
Joseph Mwangi,Eldoret,Piano,Beginner,English,50,1.9,Learn to Play French Horn: Beginner to Pro Made the Easy Way
Ann Ochieng,Mombasa,Guitar,Intermediate,English,45,1.5,150 Rock Guitar Licks You MUST Know
John Kiprop,Nairobi,Piano,Beginner,English,35,1.4,Didgeridoo - from zero to HERO! Part One - beginning
Esther Ochieng,Nairobi,Piano,Beginner,English,50,1.3,Learn Piano Scales: Play any song in any key! Like Pro's do
Jane Ochieng,Nairobi,Piano,Beginner,English,20,0.9,Instant Harmonica - play the groovy Valens La Bamba now!
Paul Chebet,Nairobi,Piano,Intermediate,English,20,2.1,Blues Master - Beginner's Techniques Piano Course
Grace Kamau,Kisumu,Drums,Intermediate,English,40,1.5,"How to play Djembe, Drums & Rhythm. Level 2"
Grace And Ease!,Mombasa,Piano,Beginner,Swahili,40,1.1,Instant Harmonica - play Amazing Grace with grace and ease!
Joseph Chebet,Eldoret,Piano,Intermediate,English,40,1.2,Instant Harmonica - play Amazing Grace + Ode to Joy now!
Michael Mwangi,Nairobi,Guitar,Beginner,English,100,1.0,Play Thousands of Songs On The Guitar | Cheater Chords
Mary Kiprop,Nairobi,Piano,Intermediate,English,20,2.0,Piano Improvisation from Day One
Peter Kamau,Kisumu,Guitar,Beginner,English,65,1.7,Classical Guitar Essentials - The Basics Part 1
Peter Ochieng,Nakuru,Piano,Intermediate,English,60,1.2,Learn Piano #7- Learn Chromatic Chords & Chromatic Scale Run
Michael Kiprop,Mombasa,Piano,Beginner,English,40,1.2,Play all major scales by ear - no notation required!
Confidence,Nakuru,Piano,Intermediate,English,40,1.0,How to play in a local Irish music session with confidence
David Kiprop,Nairobi,Guitar,Beginner,English,20,3.3,The Total Beginner's Guitar Course
Grace Kiprop,Mombasa,Piano,Intermediate,English,50,1.9,Virtual Piano Lessons - A New Way To Learn Piano
Joseph Ochieng,Nairobi,Guitar,Beginner,English,20,1.7,16 Guitar Chords to Jam With - (Beginner - Intermediate)
Paul Otieno,Nairobi,Guitar,Beginner,English,20,3.9,Free Beginner Electric Guitar Lessons
Paul Ochieng,Nairobi,Guitar,Intermediate,English,40,2.3,101 Awesome Rockabilly Guitar Licks
Sarah Kiprop,Nairobi,Guitar,Beginner,English,20,1.9,A beginner`s guide to fingerpicking and strumming guitar'
Michael Wanjiku,Mombasa,Piano,Beginner,English,40,1.2,"Instant Harmonica - Basic 12 Bar Blues course, easy and fun!"
Sarah Mwangi,Nairobi,Piano,Beginner,English,70,2.0,Your First Course on Piano
Michael Otieno,Mombasa,Guitar,Beginner,English,20,3.0,Acoustic Guitar Basics
Mary Njoroge,Eldoret,Violin,Intermediate,English,120,2.5,Cracking the Violin Code!
Peter Chebet,Nairobi,Drums,Beginner,Swahili,30,1.9,Instant Bodhran - part one; learn the basics of drumming now
Sarah Achieng,Nairobi,Piano,Intermediate,English,175,2.0,"Play The Piano By Ear | Master Class, Learn By Doing"
Paul Kiprop,Nakuru,Guitar,Intermediate,English,75,2.0,Discover Classical Guitar Level 2   
Jane Mwangi,Nairobi,Piano,Intermediate,English,20,1.4,Fingerpicking Classics - Great songs played fingerstyle!
Mary Achieng,Nairobi,Piano,Intermediate,Swahili,35,2.0,6 Must Know Tricks to Successful Solos
Joseph Mwangi,Nairobi,Guitar,Intermediate,English,50,1.5,CAGED System for Guitar (Guitar Lessons from Lutz Academy)
Jane Mwangi,Nairobi,Violin,Beginner,English,120,1.9,Learn the Violin - No Music Experience Necessary!
David Mwangi,Eldoret,Piano,Beginner,English,70,1.4,Your Second Course on Piano: Two Handed Playing
Michael Mutai,Nakuru,Guitar,Intermediate,English,50,2.0,How to Design Your Own Guitar
Peter Mwangi,Mombasa,Guitar,Intermediate,English,20,1.9,How To Play Blues Guitar - Broonzy & McGhee Blues Lessons
Esther Otieno,Eldoret,Piano,Intermediate,Swahili,200,2.2,Play Sonny Terry style on Harmonica and dazzle your friends!
John Wanjiku,Nakuru,Guitar,Intermediate,Swahili,85,2.2,Blues and Advanced Guitar Lessons
John Achieng,Nairobi,Flute,Beginner,English,150,2.6,Learn basics of South Indian Carnatic Flute Step by Step 
Paul Wanjiku,Eldoret,Piano,Beginner,English,20,1.7,Basic Piano Hymn Playing
David Wanjiku,Mombasa,Piano,Intermediate,Swahili,35,1.6,#1 Piano Hand Coordination: Play 10th Ballad in Eb Key songs
Joseph Kamau,Nakuru,Piano,Beginner,English,20,3.2,Piano Music Theory (Back To Basics) by JFilt
David Mutai,Eldoret,Guitar,Beginner,English,50,2.1,Guitar - 12  Strumming Patterns You Must Know For Guitar
Mary Njoroge,Nairobi,Guitar,Beginner,English,20,1.3,Guitar Lessons for complete beginners - super simple and fun
Mary Wanjiku,Nairobi,Guitar,Intermediate,English,45,1.6,CAGED Pentatonic System for Guitar - Level 3
John Mutai,Nairobi,Guitar,Intermediate,English,95,0.4,Classical Guitar Essentials - The Basics Part 2
Mary Wanjiku,Nairobi,Piano,Beginner,English,20,3.7,Introduction to Piano - By PGN Piano!
Grace Ochieng,Nakuru,Piano,Beginner,Swahili,50,2.2,Keyboard Instruments - Read Sheet Music for Piano Fast!
Joseph Njoroge,Eldoret,Guitar,Beginner,Swahili,20,1.3,How to Play the Guitar: Your 30-Day Guide to Learn Guitar
David Mwangi,Nairobi,Drums,Beginner,English,200,0.9,Drumming Accelerator: How To Get The Best Start Possible
Paul Ochieng,Mombasa,Piano,Intermediate,English,50,0.9,Play Piano 4: Improvise on popular song Yesterday chords
Sarah Kamau,Nairobi,Guitar,Beginner,Swahili,50,1.3,Beginner's Guitar Lessons - Crash Course for Busy Adults
The Guitar In 5 Days,Nairobi,Guitar,Beginner,English,20,0.4,Getting Started with the Guitar in 5 Days
Esther Njoroge,Nairobi,Guitar,Intermediate,English,20,1.9,Guitar Lessons - String Bending And Vibrato Essentials
Jane Mutai,Nairobi,Piano,Intermediate,Swahili,40,1.8,Piano With Willie: Blues n' Boogie Vol. 1
David Ochieng,Eldoret,Piano,Intermediate,Swahili,70,0.8,Piano Runs & Fills #4: C6 Rolling Waves & Waterfall Runs
Grace Chebet,Nairobi,Piano,Intermediate,English,200,1.7,Chugging - it don't mean a thing if it ain't got that swing!
Jane Chebet,Mombasa,Piano,Intermediate,English,85,1.0,Make Your Own Ukulele
Mary Wanjiku,Kisumu,Violin,Intermediate,English,20,2.6,"Beginner Violin 101: Care, Maintenance, and the Right Gear"
Michael Mutai,Nairobi,Piano,Intermediate,English,25,1.3,Learn How To Play 25 Classic Hip Hop Songs
Paul Wanjiku,Thika,Piano,Intermediate,English,20,1.4,Learn Beethoven's Fur Elise on Piano
Paul Njoroge,Thika,Violin,Beginner,English,20,1.2,Play Violin and Fiddle for beginners - it's fun  - Course 1
Scales Vol. 1,Nairobi,Piano,Intermediate,English,40,1.5,Piano With Willie Building Technique with Scales Vol. 1
Mary Chebet,Nairobi,Piano,Beginner,English,40,0.8,Christmas Piano Songs For The Very Beginner Vol. I
Jane Kamau,Nairobi,Guitar,Intermediate,English,95,1.3,Introduction to Gypsy Jazz Guitar
Sarah Mwangi,Nairobi,Piano,Intermediate,English,45,1.4,"Learn How to Play Blues, Rock, & Boogie Woogie Piano Today"
Grace Achieng,Nairobi,Piano,Intermediate,Swahili,100,0.6,The Piano Chord Ladder | Learn to Play Thousands of Songs
Grace Kiprop,Mombasa,Piano,Advanced,English,50,1.1,Play Piano 5: Improvise on Misty Eb Key Runs & 2-5 Chords
Mary Mwangi,Mombasa,Piano,Beginner,English,50,0.8,Playing Piano: Scales and Arpeggios Vol.I : Major keys
David Otieno,Nairobi,Drums,Beginner,English,20,1.9,Drumming for Beginners - Simple Way To Learn How To Drum
Michael Kamau,Nairobi,Piano,Intermediate,English,35,2.1,Get great playing HARMONICA - a fun new leisure time hobby !
Peter Njoroge,Eldoret,Guitar,Intermediate,English,20,2.1,Fingerstyle Guitar Mastery: 3 Techniques You Need To Know
Grace Chebet,Nairobi,Piano,Intermediate,English,50,1.0,Play Piano 3: Improvise Chords to Enchanted Evening by Ear
Joseph Otieno,Nairobi,Guitar,Intermediate,English,20,3.2,"Jazz Guitar Tips, Tricks and Licks"
Michael Kamau,Nairobi,Piano,Beginner,English,70,2.7,Piano From Zero To Pro - Beginner Essentials To The Piano
Grace Wanjiku,Thika,Piano,Beginner,English,120,2.4,"Piano: Learn 48 chords in 1 hour,  and always remember how"
John Mwangi,Nairobi,Piano,Intermediate,English,50,1.7,Walking Bass - Quick Start Guide
Mary Mwangi,Kisumu,Guitar,Beginner,Swahili,45,1.6,Beginner Guitar Lessons: Learn To Play Guitar Today (WAVE 1)
Grace Wanjiku,Nakuru,Piano,Intermediate,English,50,1.2,Blues Bass - Quick Start Guide
Sarah Achieng,Nairobi,Piano,Beginner,English,30,1.0,How to speak Pianish (beginner level)
Peter Kiprop,Kisumu,Piano,Intermediate,English,30,2.1,Gospel Piano Essentials
Grace Wanjiku,Nairobi,Piano,Intermediate,English,40,1.5,Instant Harmonica - play Leonard Cohen's Hallelujah now!
Ann Mwangi,Mombasa,Guitar,Beginner,English,20,2.4,Guitar Crash Course (No Experience Necessary)
Grace Chebet,Mombasa,Guitar,Beginner,English,60,1.9,Beginner Guitar Lessons - Your Complete Foundation Course
John Kiprop,Mombasa,Piano,Beginner,Swahili,50,1.3,Piano Building Blocks: Learn the 24 Most Common Chords
Joseph Otieno,Nairobi,Piano,Beginner,English,50,2.1,Learn to Play the Oboe: Beginner to Pro in Under Four Hours
Grace Mutai,Nakuru,Piano,Intermediate,English,150,1.8,Playing Piano By Ear: Complete Guide for Aspiring Musicians
Mary Otieno,Nairobi,Piano,Intermediate,English,65,1.5,"Discover the fun of Spoon playing, a beginners course"
Peter Chebet,Nairobi,Guitar,Intermediate,Swahili,50,2.1,Country Guitar Fundamentals
Sarah Chebet,Nairobi,Guitar,Beginner,English,25,2.0,Discover Classical Guitar Level 1
Peter Ochieng,Mombasa,Piano,Beginner,English,20,2.9,PI-101 Top 10 Classical Piano Pieces for Beginners
Esther Achieng,Kisumu,Piano,Beginner,English,20,3.3,Get started playing blues harmonica
Esther Kiprop,Nairobi,Guitar,Beginner,English,40,2.7,Rockabilly Guitar For Beginners
Peter Chebet,Mombasa,Piano,Beginner,English,20,2.4,Beginner Piano
Peter Mutai,Nairobi,Drums,Beginner,Swahili,20,1.6,Step by Step Tabla Course- Indian Drums
Power Chords,Mombasa,Piano,Intermediate,English,50,0.9,Play Piano 6 -Improvise on The Way We Were with Power Chords
Jane Mwangi,Nairobi,Piano,Intermediate,English,200,2.3,101 Blues riffs - learn how the harmonica superstars do it
John Ochieng,Kisumu,Drums,Intermediate,English,25,2.5,Learn To Play The Drums
Mary Achieng,Nairobi,Guitar,Beginner,English,55,1.8,Guitar: Master The Guitar Fretboard In 6 Easy Steps
Joseph Kamau,Eldoret,Piano,Beginner,English,20,3.4,Play Piano in 30 Days! - Start Playing NOW!
Mary Ochieng,Nairobi,Piano,Beginner,English,50,0.0,Curso de Didgeridoo nivel principiante
Jane Chebet,Nairobi,Piano,Intermediate,English,20,1.1,ブルースギター入門
Joseph Mwangi,Nairobi,Piano,Intermediate,English,200,5.0,Pianoforall - Incredible New Way To Learn Piano & Keyboard
Paul Kamau,Eldoret,Guitar,Intermediate,English,200,4.0,The Professional Guitar Masterclass
Peter Wanjiku,Eldoret,Guitar,Intermediate,English,50,3.3,Modern Rock Guitar Techniques
Michael Otieno,Nairobi,Guitar,Intermediate,English,145,4.4,Complete Guitar System - Beginner to Advanced
John Wanjiku,Kisumu,Guitar,Intermediate,English,50,4.3,Guitar Super System Level 1
Peter Kamau,Nakuru,Piano,Intermediate,English,200,2.8,How to play Piano - Go from a Beginner/Intermediate to a Pro
Peter Wanjiku,Mombasa,Guitar,Advanced,English,50,2.7,Guitar Super System Level 2
David Njoroge,Mombasa,Piano,Intermediate,Swahili,200,3.7,"LEARN HARMONICA, amaze your friends and have fun - it's easy"
Grace Ochieng,Nairobi,Piano,Intermediate,Swahili,50,3.6,The Complete Piano & Music Theory Beginners Course
Mary Mutai,Nairobi,Guitar,Beginner,English,200,2.4,Ultimate Beginner Guitar Masterclass
Jane Ochieng,Eldoret,Piano,Intermediate,English,200,3.1,Quicklessons Piano Course - Learn to Play Piano by Ear!
Sarah Mwangi,Eldoret,Guitar,Beginner,English,150,2.0,"Learn guitar the Right way! Complete 'KickStarter course"""
Sarah Otieno,Mombasa,Guitar,Intermediate,English,45,2.2,CAGED Pentatonic System for Guitar - Level 1
Mary Wanjiku,Nairobi,Guitar,Intermediate,English,45,1.5,CAGED Pentatonic System for Guitar - Level 2
Grace Kamau,Nairobi,Piano,Beginner,English,200,1.6,Learn to Play Piano From a Concert Pianist - For Beginners
Ballad 9,Kisumu,Piano,Intermediate,English,75,0.4,#12 Hand Coordination: Let your Hands dance with Ballad 9
John Ochieng,Eldoret,Piano,Intermediate,English,50,1.4,How To Make Money With A Cover Band
Joseph Kiprop,Eldoret,Guitar,Beginner,English,35,0.8,How To Play Guitar - For Absolute Beginners
David Kiprop,Nakuru,Guitar,Beginner,English,200,2.5,Learn How to Improvise on Guitar in 30 Days
Ann Njoroge,Mombasa,Piano,Intermediate,English,50,1.1,Play Piano 8 - Play Over the Rainbow by Ear & Free Improvise
Michael Achieng,Nairobi,Guitar,Beginner,English,50,3.1,The Best Beginner Guitar Course Ever
Sarah Njoroge,Nairobi,Piano,Intermediate,English,100,2.0,Piano For Singer/Songwriters 2: Pop/Rock Rhythm Immersion
Paul Mwangi,Eldoret,Guitar,Beginner,English,50,1.2,Guitar: Learn 10 CCR Guitar Chord Progressions
"2-5 Chords""",Mombasa,Piano,Intermediate,English,50,1.2,"Play Piano 2:  Play 'Love Me Tender By Ear with 2-5 Chords"""
Jazzy Sounds,Nairobi,Piano,Intermediate,English,60,0.6,Learn Piano #10 Tritone Chord Substitution with Jazzy Sounds
Playing Guitar,Nairobi,Guitar,Beginner,English,20,3.9,Getting Started with Playing Guitar
Jane Wanjiku,Kisumu,Piano,Beginner,English,40,0.8,Piano Playing: Reading and Playing Classical Tunes Vol.II
Friends,Nairobi,Piano,Beginner,English,60,1.2,Harmonica Jamz: The Only Course on Jammin' with Friends
Joseph Njoroge,Nairobi,Guitar,Beginner,English,55,1.5,Guitar - Learn 10 Legendary Chord Progressions for Guitar
Mary Njoroge,Mombasa,Guitar,Beginner,English,45,1.8,Guitar - Blues Guitar for Beginners
Joseph Njoroge,Kisumu,Guitar,Beginner,Swahili,40,1.0,Electric Guitar for Beginners - RockStarter Level 1
Michael Wanjiku,Kisumu,Guitar,Intermediate,English,50,0.6,The Circle of Fifths for Guitarists
Peter Achieng,Nairobi,Piano,Intermediate,English,70,1.3,Piano Runs & Fills #2: Play Rolling Cascading Runs for Intro
John Kamau,Kisumu,Piano,Intermediate,English,95,1.6,Piano - Circle of 5ths to Play A Song in 12 Keys in 12 Days
David Kiprop,Nairobi,Guitar,Beginner,English,20,2.0,Essential Theory and Technique for Guitar
Grace Wanjiku,Nairobi,Piano,Beginner,English,40,1.3,Piano for Complete Beginners: Learn your first song today!
Michael Achieng,Kisumu,Piano,Intermediate,Swahili,95,0.8,Master Class Piano Techniques: Tips To EZ Coordinate 2 Hands
Ann Njoroge,Mombasa,Piano,Intermediate,English,95,1.3,Master Class # 11:  Play Piano Techniques Learn Piano 1 to10
Logic,Nakuru,Piano,Beginner,English,45,0.6,Learn all Piano Chords in all Piano Scales with logic
Ann Ochieng,Kisumu,Piano,Beginner,English,145,1.4,Learn to play the piano or keyboard from scratch
Paul Ochieng,Mombasa,Guitar,Intermediate,English,50,2.6,5 Exotic Guitar Scales and How to Use Them Effectively
Sarah Njoroge,Nairobi,Piano,Beginner,English,20,2.9,Learn 4 Chords and Play Thousands of Songs!
Peter Chebet,Nairobi,Piano,Intermediate,English,75,0.4,#10 Hand Coordination - Transfer Chord Ballad 9 - C & Bb Key
Esther Mwangi,Nairobi,Guitar,Intermediate,English,200,2.2,Acoustic Fingerstyle Guitar Course: Beginner to Advanced
John Achieng,Nairobi,Guitar,Intermediate,Swahili,200,2.9,Guitar Chord Mastery!Turn Your Brain Into A Chord Encyclopia
Joseph Kiprop,Thika,Piano,Intermediate,English,50,1.5,Play Piano 1 Master Class Intro:  Standards 2-5 Power Chords
Joseph Kamau,Nairobi,Guitar,Intermediate,English,20,1.7,Best Beginner Guitar Lessons by Sam Lyons
Mary Wanjiku,Eldoret,Piano,Beginner,English,50,2.4,A new approach to piano and playing songs for beginners
Paul Kamau,Mombasa,Guitar,Beginner,English,50,1.8,Learn Guitar: Zero to Guitar Fingerpicking in 30 days
Joseph Kiprop,Nakuru,Piano,Intermediate,English,25,2.0,How to play Contemporary Piano
John Chebet,Mombasa,Piano,Intermediate,English,50,0.9,Piano Technique Exercises Vol.1
Paul Otieno,Mombasa,Piano,Intermediate,English,40,1.1,Instant Harmonica - Learning the Basic 12 Bar Blues Bassline
Grace Achieng,Nairobi,Piano,Intermediate,English,75,0.8,#5  Piano Hand Coordination:  Piano Runs in 2 Beats Eb Key
Esther Achieng,Nairobi,Guitar,Intermediate,English,30,1.6,Modern Country Guitar: Technique Booster
Michael Njoroge,Kisumu,Guitar,Beginner,English,95,1.7,"Blues Guitar Lessons for Beginners: Chords, Rhythm and Lead"
Michael Ochieng,Nairobi,Piano,Intermediate,English,75,0.8,#4 Piano Hand Coordination: Fun Piano Runs in 2 Beats C Key
Grace Mwangi,Nairobi,Guitar,Beginner,Swahili,25,2.2,3 step formula for playing guitar by ear
Joseph Achieng,Mombasa,Guitar,Intermediate,English,100,2.4,"How to play 'Electric Guitar"",https://www.udemy.com/electric-guitar-beginners-method/,true,50,1105,5,20,Beginner Level,2 hours,2016-12-29T00:24:06Z
42038,Learn Piano Today: How to Play Piano Course in Quick Lessons"""
Grace Mutai,Nairobi,Piano,Intermediate,English,60,1.7,Play Piano by Ear Today! SuperCourse
Sarah Chebet,Eldoret,Piano,Intermediate,Swahili,115,2.0,Learn to Read & Write Music to play Piano & more instruments
Joseph Ochieng,Thika,Piano,Intermediate,English,95,3.1,The Complete Piano Course - Master The Piano
Grace Ochieng,Eldoret,Guitar,Intermediate,Swahili,50,1.4,Learn to play your favorite guitar songs by ear
Jane Kamau,Nairobi,Piano,Beginner,English,100,2.9,Piano for Singer/Songwriters | Write Songs and Perform Live!
Sarah Njoroge,Nairobi,Piano,Beginner,English,55,2.1,Fun Beginner Ukulele Course
Paul Mwangi,Eldoret,Guitar,Beginner,English,20,2.9,Learn Guitar in 21 Days
Joseph Chebet,Nairobi,Piano,Beginner,English,45,1.3,Fun Ukulele Strumming Course
Esther Mwangi,Thika,Piano,Intermediate,English,200,2.7,The Professional Bass Masterclass
Joseph Kiprop,Thika,Guitar,Intermediate,English,75,1.9,The Allman Brothers Guitar Roots And Techniques
Paul Ochieng,Eldoret,Guitar,Intermediate,English,50,2.6,Blues Guitar Fundamentals
Grace Mwangi,Nairobi,Piano,Intermediate,English,65,0.8,#6 Piano Hand Coordination: Play Open 10 Ballad to 9/4 Song
David Ochieng,Nairobi,Piano,Intermediate,English,65,0.6,#7 Piano Hand Coordination: Play Piano Runs in 3 Beats 9/4
John Achieng,Eldoret,Piano,Beginner,Swahili,30,0.6,Beginner Level Popular Piano Program - Month 1
Esther Njoroge,Nairobi,Piano,Intermediate,English,20,0.6,Piano Lessons for the R&B Fan
David Kiprop,Nairobi,Guitar,Advanced,English,20,1.0,Guitar Lessons - Blind Blake - King Of Ragtime Blues Guitar
Jane Otieno,Mombasa,Drums,Beginner,English,20,2.1,Darbuka Drumming: Learn how to play the Darbuka Dounbek
Sarah Mwangi,Eldoret,Guitar,Beginner,English,25,1.1,Awesome Lead Guitar 1
Michael Ochieng,Kisumu,Piano,Intermediate,Swahili,20,0.9,The art of piano improvisation
Paul Otieno,Mombasa,Piano,Intermediate,English,40,0.6,How To Build A Professional Djembe: Create Music Beauty &Biz
John Mwangi,Nairobi,Piano,Intermediate,English,50,1.2,Advanced Euphonium Studies - Learn to Master the Euphonium!​
Ann Ochieng,Mombasa,Piano,Intermediate,English,35,0.6,Didgeridoo - from zero to HERO! Part Two. Intermediate.
Joseph Mutai,Thika,Guitar,Intermediate,English,30,0.9,Fingerstyle Guitar by Jacques Stotzem - Advanced Level
Grace Kiprop,Nairobi,Piano,Intermediate,English,50,0.4,Trumpet Pro Series - You're going to love practicing Trumpet
Michael Otieno,Mombasa,Piano,Intermediate,English,20,0.9,A Guide to Analog Synths: For the modern EDM enthusiast.
Paul Mwangi,Eldoret,Guitar,Intermediate,English,20,2.6,Acoustic Blues Guitar Lessons
David Achieng,Kisumu,Guitar,Intermediate,English,20,1.8,Accelerate Your Guitar Learning With Metal Techniques
Grace Wanjiku,Kisumu,Piano,Beginner,English,20,1.8,Beginner Step by Step Keharwa Theka Tabla Course
Sarah Kiprop,Kisumu,Piano,Beginner,Swahili,85,1.5,Just chords Piano: Learn to Play Piano Quickly - No Music
Esther Mwangi,Nairobi,Piano,Intermediate,Swahili,30,2.5,Play Ukulele Now
Mary Wanjiku,Nairobi,Guitar,Intermediate,English,125,2.7,Acoustic Blues Guitar Lessons
Esther Chebet,Nakuru,Piano,Intermediate,English,70,1.3,Piano Runs & Fills #1: Play Dreamy Whole Tone Scale Runs
David Kamau,Nakuru,Piano,Intermediate,English,75,1.1,Play Piano Today - Easy Festive Favorites & Piano Party Hits
Sarah Achieng,Eldoret,Guitar,Beginner,English,50,1.9,The 80/20 Beginner Guitar Course
Michael Kiprop,Eldoret,Drums,Beginner,Swahili,20,0.9,Drums for Beginners
Ann Kiprop,Mombasa,Piano,Beginner,English,150,1.2,Digital Pianist Course-Learn Piano & Keyboard Fast & Easy
Ann Kiprop,Mombasa,Guitar,Beginner,English,45,1.3,Learn to play guitar and sing at the same time
Paul Mwangi,Nakuru,Piano,Beginner,English,20,1.8,Introduction to Ukulele 1
Mary Otieno,Mombasa,Flute,Beginner,English,45,2.0,Learn Flute FAST!
Jane Chebet,Kisumu,Guitar,Intermediate,English,45,1.4,Guitar Lessons - Soloing With Arpeggios - Essential Guide 
Michael Njoroge,Nakuru,Piano,Intermediate,English,40,0.9,Piano With Willie: Blues n' Boogie Vol. 3
John Mutai,Eldoret,Piano,Intermediate,English,40,1.0,Instant Harmonica - play The Kesh (pt 1) it's easy and fun!
David Ochieng,Nairobi,Piano,Beginner,English,75,2.0,Piano Lessons For Beginners: Learn Piano Quickly And Easily
Peter Kiprop,Nairobi,Drums,Beginner,English,25,0.9,The Easy Beginner Drum Course
Paul Mutai,Nairobi,Piano,Beginner,English,40,0.6,Instant Harmonica - play Somewhere Over the Rainbow now!
Jane Mwangi,Mombasa,Piano,Beginner,English,20,1.0,Instant Harmonica - play The Kesh (part 2) - easy and fun!
Michael Otieno,Nairobi,Guitar,Intermediate,English,20,1.9,The 80/20 Guitar: Write Music and Play Guitar in 30 Days
Joseph Kiprop,Nairobi,Piano,Beginner,English,20,0.6,Ukulele 2 : Level 1 KEY OF C AND STRUMS
Joseph Kamau,Mombasa,Guitar,Beginner,English,20,0.8,Guitar for Music Educators: Learning How to Teach Guitar
Jane Wanjiku,Nairobi,Piano,Intermediate,English,20,1.8,Piano Tutorial : Ludovico Einaudi - Una Mattina
Peter Otieno,Mombasa,Guitar,Intermediate,English,60,0.9,Guitar Solo - Theory and Improvisation Lessons
Peter Kamau,Nairobi,Guitar,Intermediate,English,30,0.6,Bluegrass Guitar Essentials: Webisodes 3 & 4
Peter Mutai,Nairobi,Piano,Intermediate,Swahili,40,0.0,Instant Harmonica - play Christmas + Birthday songs now!
Esther Mwangi,Nakuru,Piano,Intermediate,English,75,0.6,Blues Master - Advanced Techniques Piano Course
Sarah Njoroge,Nairobi,Guitar,Intermediate,English,30,0.6,Bluegrass Guitar Essentials: Webisodes 5 & 6
Michael Otieno,Nairobi,Piano,Beginner,English,95,0.6,Trombone Lessons For Beginners
Peter Achieng,Mombasa,Drums,Beginner,English,20,0.4,Rhythm to Rock Drum Lesson 6
Mary Mwangi,Nakuru,Flute,Intermediate,English,50,0.4,Flute Pro Series - You're about to love practicing the flute
Mary Njoroge,Nairobi,Guitar,Beginner,English,50,0.4,How To Play Guitar - Everything You Need To Know To Start
The Trombone,Mombasa,Piano,Intermediate,English,50,1.1,Trombone Pro Series - Fall in love with the Trombone
Joseph Njoroge,Nairobi,Piano,Intermediate,English,25,0.4,Learn How To Play 25 Classic Hip Hop Songs Ch.2
Ann Wanjiku,Nairobi,Piano,Intermediate,English,35,0.8,Learn to play tunes by ear on harmonica - no written music
Paul Kiprop,Mombasa,Guitar,Intermediate,English,20,0.9,Fingerpicking for Guitar
Esther Kamau,Mombasa,Guitar,Beginner,English,60,0.8,"Music Theory, Guitar and Ear Training"
Peter Kamau,Mombasa,Piano,Intermediate,English,195,0.4,"Piano Unbound. Piano learning method, a course for beginners"
Michael Kiprop,Kisumu,Piano,Intermediate,English,50,0.6,Advanced Trombone Studies - Learn to Master the Trombone!
Mary Kiprop,Thika,Piano,Intermediate,English,50,0.6,"Euphonium Solos: Learn to Perform Three Fun, Unique Pieces!"
John Kiprop,Mombasa,Piano,Intermediate,English,40,0.8,Piano With Willie: Tritones & Phat Chords
John Mwangi,Nairobi,Piano,Beginner,English,65,0.6,Piano for Kids: Developing Your Child's Creative Abilities
Ann Wanjiku,Nakuru,Piano,Intermediate,English,20,0.6,Piano Lessons For The Hip Hop Fan
Mary Wanjiku,Nairobi,Piano,Intermediate,English,50,0.4,French Horn Solos: Learn how to Perform Three Fun Pieces!
Sarah Wanjiku,Nairobi,Guitar,Intermediate,English,30,0.0,Bluegrass Guitar Essentials: Webisodes 9 & 10
David Mutai,Nairobi,Piano,Beginner,English,95,0.0,Clarinet Lessons For Beginners
David Mutai,Nairobi,Piano,Beginner,English,35,0.0,Play music on Harmonica using 8 notes - learn easy tunes!
Paul Mwangi,Thika,Piano,Intermediate,English,50,0.0,Learn Piano Online-A Quiet Solace Piano Solo
Sarah Njoroge,Nakuru,Guitar,Intermediate,English,30,0.0,Bluegrass Guitar Essentials: Webisodes 7 & 8
John Kamau,Kisumu,Guitar,Intermediate,English,20,0.0,The Art of the Blues Shuffle - A Guitarist's Guide
Mary Kamau,Nairobi,Piano,Intermediate,Swahili,50,0.0,Learn Piano Online-Ambiance Piano Solo
David Chebet,Nairobi,Piano,Beginner,English,95,0.0,Piano Lessons For Beginners
Peter Otieno,Nairobi,Guitar,Intermediate,Swahili,35,0.0,The Theory & Practice of Modes on the Guitar
Ann Njoroge,Nairobi,Piano,Intermediate,English,75,0.0,Learn How To Play The Trumpet
Ann Achieng,Mombasa,Violin,Beginner,English,50,0.0,Violin for Beginners
Mary Mutai,Kisumu,Guitar,Beginner,English,25,0.0,Beginner Acoustic Guitar Lessons
Sarah Otieno,Kisumu,Piano,Beginner,Swahili,100,0.8,Aprendiendo Piano: Tocando piezas populares Vol.I
Grace Kamau,Nairobi,Piano,Intermediate,English,55,0.6,Curso de Bateria - Explorando Diferentes Divisões
John Chebet,Thika,Guitar,Intermediate,English,25,0.8,Escalas Pentatónicas para guitarristas
Paul Chebet,Kisumu,Piano,Intermediate,English,20,1.1,Brass Master Class
Joseph Mutai,Mombasa,Piano,Beginner,English,30,0.8,Enseñando música: mejora tus clases de instrumento 
Sarah Kamau,Mombasa,Piano,Beginner,English,20,2.3,Ukelele exprés: aprende a tocar en menos de un mes
Mary Achieng,Nairobi,Guitar,Beginner,English,20,1.0,Curso de Guitarra para Principiantes
Peter Ochieng,Nairobi,Piano,Beginner,English,20,1.2,Mundharmonika spielen - mein schönstes Hobby
David Ochieng,Nairobi,Piano,Intermediate,English,25,1.2,Aprende el acordeón de oído y con técnica –Nivel Intermedio–
Ann Chebet,Nakuru,Piano,Beginner,Swahili,20,0.9,Présentation du Banjo Ténor
John Chebet,Nairobi,Piano,Intermediate,Swahili,50,0.9,Aprende a tocar el acordeón de botones
John Njoroge,Nairobi,Piano,Beginner,English,50,1.4,Aprendiendo piano: Lectura de piezas clásicas Vol.I
Peter Mutai,Nairobi,Piano,Intermediate,English,50,0.8,Pedais de efeito para Contrabaixo
David Chebet,Nairobi,Guitar,Intermediate,Swahili,35,0.8,Mantenimiento y octavación para guitarras eléctricas
Michael Chebet,Eldoret,Piano,Intermediate,English,50,0.4,Aprende a tocar el violín desde cero
Ann Mwangi,Kisumu,Piano,Intermediate,English,50,0.4,Aprende a tocar el teclado como los expertos
Peter Kiprop,Nairobi,Piano,Intermediate,Swahili,20,0.4,Aprende a tocar el saxofón como siempre has querido
Esther Wanjiku,Nairobi,Guitar,Beginner,English,20,0.4,Guitarra para principiantes
Paul Otieno,Nairobi,Piano,Intermediate,English,50,0.6,Aprende a tocar flauta transversal sin complicaciones
Paul Chebet,Nairobi,Piano,Beginner,English,20,0.0,Aprende a tocar las escalas en el acordeón de botones.
Jane Achieng,Nairobi,Piano,Beginner,Swahili,70,0.0,Curso de Violão Prático
John Wanjiku,Nairobi,Piano,Intermediate,Swahili,50,0.6,"Aprende a tocar percusiones: congas, bongós, maracas y más"
Peter Chebet,Nairobi,Piano,Beginner,Swahili,20,0.6,Gitarre spielen - mein schönstes Hobby
Ann Kiprop,Mombasa,Guitar,Intermediate,English,50,0.0,Aprende a tocar la guitarra acústica como un profesional
Esther Njoroge,Mombasa,Guitar,Intermediate,Swahili,35,1.3,Guitar Lesson - Five Steps to Learn Barre Chords
John Achieng,Nairobi,Piano,Intermediate,English,20,1.2,"Easy Piano Basics™ - Learn Piano, No Prior Experience Needed"
Paul Chebet,Nairobi,Guitar,Intermediate,English,20,0.9,Guitar Technique Mastery: The Ultimate Chop Building Workout
Michael Ochieng,Mombasa,Drums,Intermediate,English,50,1.3,Inside Drum Technique
Jane Ochieng,Mombasa,Guitar,Intermediate,English,195,1.4,"Learn to Play Tarrega, Bach, and Sor on Classical Guitar"
Mary Ochieng,Eldoret,Piano,Intermediate,English,95,1.6,Create Beautiful Music On The Piano Like a Pro In Minutes
Grace Kiprop,Kisumu,Piano,Beginner,English,20,0.6,Instant Harmonica - play the great Irish tune Molly Malone!
John Wanjiku,Nairobi,Piano,Intermediate,English,40,0.8,Instant Harmonica - play 'Can't Help Falling in Love' now!
Ann Mutai,Nairobi,Guitar,Intermediate,English,65,1.0,Arpeggios for Guitar made Easy! Dominate the Fretboard
Michael Wanjiku,Mombasa,Guitar,Intermediate,English,45,1.2,Guitar Lessons - The Modal System - Modes Essentials
Ann Kamau,Nairobi,Piano,Intermediate,English,50,1.2,Learn to Play Percussion: Beginner to Pro made the Easy Way!
Esther Otieno,Mombasa,Piano,Beginner,English,20,1.1,Modern Piano Lessons For Beginners
John Ochieng,Eldoret,Piano,Intermediate,English,40,1.3,World Percussion: Complete Lessons for Everyone
David Kiprop,Mombasa,Piano,Intermediate,English,20,0.0,Learn Lion (Saroo) Soundtrack On The Piano By Ear
Esther Otieno,Nairobi,Guitar,Intermediate,English,75,1.6,Acoustic Blues Guitar Lessons
Joseph Chebet,Mombasa,Guitar,Intermediate,English,20,1.1,Play Guitar and Understand Music Quick & Easy in 28 Days!
Ann Mutai,Nairobi,Violin,Beginner,English,20,1.3,Learn How to Play the Violin - Violin Basics
Sarah Ochieng,Mombasa,Piano,Intermediate,English,20,1.0,Swing Low - The 101 Authentic Nashville Piano Style Course
Mary Mwangi,Eldoret,Guitar,Beginner,Swahili,50,0.9,Guitar:Play 5 Easy Christmas Chord Progressions On Guitar
Ann Mwangi,Nairobi,Piano,Intermediate,English,100,1.0,Get Piano Skills TODAY!!! 
Joseph Ochieng,Thika,Violin,Beginner,English,80,1.5,Learn the Violin - Scales and Fundamentals
Scales Vol. 2,Eldoret,Piano,Intermediate,English,40,0.8,Piano With Willie Building Technique with Scales Vol. 2
Ann Achieng,Nairobi,Flute,Intermediate,Swahili,50,1.5,Master Flute Playing: Intermediate Instruction Made Simple!
Peter Kamau,Nairobi,Guitar,Beginner,English,20,1.2,How to Sing and Play the Guitar (at the same time)
Ann Mutai,Nairobi,Guitar,Beginner,Swahili,30,0.8,"Super Beginner Guitar - start right, start awesome"
Mary Ochieng,Nairobi,Guitar,Intermediate,English,40,1.0,"Introduction to Guitar 'A Course for Beginners"",https://www.udemy.com/introduction-to-guitar/,true,25,163,11,56,Beginner Level,2.5 hours,2014-10-30T15:59:39Z
650804,Guitar  Master Class Learning How to Play Guitar from A to Z"""
Sarah Mwangi,Nairobi,Drums,Beginner,Swahili,20,0.8,Rhythm to Rock Drum Lesson 5
Michael Mwangi,Kisumu,Guitar,Intermediate,English,50,2.0,Gibson's Learn & Master Guitar
Esther Mutai,Nairobi,Piano,Intermediate,Swahili,50,1.2,Master the Trombone: Intermediate Instruction Made Simple!
Mary Mutai,Nairobi,Piano,Intermediate,English,50,0.8,Walking Bass Fundamentals
Sarah Achieng,Nakuru,Piano,Intermediate,English,25,0.9,Circular Breathing for musicians - practical skills
Michael Kamau,Nairobi,Piano,Intermediate,English,50,1.5,Electric Bass for Busy Beginners Course 1
John Ochieng,Nakuru,Guitar,Beginner,English,20,0.9,Guitar for Absolute Beginners (Class 1)
Joseph Wanjiku,Nairobi,Piano,Beginner,English,20,2.8,Tenor Banjo for Absolute Beginners
Grace Achieng,Nairobi,Guitar,Intermediate,Swahili,35,1.3,Guitar Lessons - 50 Essential Fast Legato Licks
Ann Wanjiku,Kisumu,Piano,Beginner,Swahili,90,1.8,Aprenda a tocar Pandeiro - Curso Iniciante - Samba/Choro
Peter Chebet,Mombasa,Piano,Intermediate,English,20,2.0,Aprende batería con el nuevo método IDT
Peter Achieng,Eldoret,Guitar,Beginner,English,20,3.1,5 lecciones que todo guitarrista debe tomar
Peter Mutai,Kisumu,Piano,Beginner,English,20,1.8,Los 7 Acordes para Tocarlo Todo en un fin de semana
Michael Wanjiku,Nakuru,Piano,Beginner,English,25,2.1,Curso de Violão Popular
John Wanjiku,Nairobi,Piano,Beginner,English,20,2.6,Aprendiendo Piano: Ejercicios de calentamiento
Joseph Mutai,Nairobi,Piano,Beginner,English,40,0.9,Aprendiendo piano: Lectura de piezas clásicas Vol.II
David Mutai,Nakuru,Piano,Intermediate,English,75,1.6,"Aprende a tocar el Acordeón 'de oído y con técnica"",https://www.udemy.com/aprende-a-tocar-el-acordeon-de-oido-y-con-tecnica/,true,25,93,21,34,Beginner Level,4 hours,2014-09-16T19:51:45Z
263432,Aprende los Secretos de la Armónica con HARP&SOUL"""
Peter Ochieng,Nakuru,Guitar,Beginner,English,35,1.4,Guitarra Desde Cero - PARTE 1
Paul Mutai,Thika,Guitar,Beginner,English,85,1.8,Super-Curso de Guitarra Práctico Para Principiantes
Grace Mutai,Nairobi,Piano,Intermediate,English,55,1.0,Explosão Pentatônica
Peter Mutai,Nairobi,Guitar,Beginner,English,40,0.9,Complete Beginners Introduction to Guitar
Joseph Achieng,Nakuru,Piano,Beginner,English,45,0.4,Learn 10 Scottish Tunes Piano Easy Level
Sarah Njoroge,Nairobi,Piano,Beginner,Swahili,20,1.2,Fingerpicking Fundamentals
Esther Njoroge,Eldoret,Piano,Intermediate,English,25,1.1,Piano With A Pro
Michael Mutai,Eldoret,Piano,Beginner,English,70,1.3,Piano Lessons for Beginners: Play the Piano AND Read Music!
Grace Kamau,Nairobi,Piano,Intermediate,English,50,1.0,Master the Tuba - Intermediate Instruction Made Simple!
David Mutai,Nakuru,Piano,Intermediate,English,30,0.6,The Fun and Effective Piano Course
Sarah Otieno,Nakuru,Flute,Intermediate,Swahili,50,0.9,Advanced Flute Studies - Learn to Master the Flute!​
Sarah Kamau,Nairobi,Piano,Intermediate,English,20,0.9,Alternate Picking Speed & Accuracy
"Simple, Intermediate Instruction!",Eldoret,Piano,Intermediate,English,50,1.1,"Master the Euphonium with Simple, Intermediate Instruction!"
David Achieng,Mombasa,Piano,Intermediate,English,50,1.4,Master the Clarinet: Intermediate Instruction Made Simple!
Peter Kamau,Nakuru,Piano,Intermediate,Swahili,50,0.8,Advanced Clarinet Studies - Learn to Master the Clarinet!
Esther Wanjiku,Nairobi,Piano,Intermediate,Swahili,20,0.4,Aprende a tocar ritmo pop en el piano y teclado
David Chebet,Eldoret,Piano,Beginner,English,100,0.6,Aprendiendo Piano: Tocando piezas populares Vol.II
Esther Ochieng,Nairobi,Piano,Intermediate,English,100,0.6,Comment jouer du Pianoforte
Ann Kamau,Nairobi,Piano,Intermediate,English,50,0.9,Aprende a tocar blues en el piano y teclado
Esther Kiprop,Eldoret,Guitar,Beginner,Swahili,85,0.6,ABC DO VIOLÃO E GUITARRA
Joseph Mutai,Nairobi,Piano,Intermediate,English,200,0.4,Suonare la Chitarra
Paul Wanjiku,Nairobi,Guitar,Intermediate,Swahili,50,0.6,Aprende todos los secretos de la guitarra flamenca
Esther Ochieng,Thika,Piano,Beginner,English,20,0.4,こどもギターレッスン　リトルギタリストⅠ
Esther Mwangi,Thika,Piano,Intermediate,English,50,0.6,Aprende cómo tocar el Bajo Sexto
Esther Ochieng,Mombasa,Guitar,Intermediate,English,50,0.4,Coach Guitar - Apprendre la GUITARE facile avec des COULEURS
Joseph Wanjiku,Mombasa,Guitar,Beginner,English,55,0.8,Sistema Completo De Guitarra Rítmica Para Principiantes
Mary Kiprop,Nairobi,Piano,Intermediate,English,35,0.4,Curso de batería online de Patricio Iglesias (Santa Sabina)
"Beyer, 15 Minutes Challenge",Nairobi,Piano,Intermediate,English,65,0.6,"Learn Piano with Beyer, 15 Minutes Challenge"
Grace Wanjiku,Nairobi,Guitar,Intermediate,English,195,0.6,"Classical Guitar Master Class: 'Alman  """
David Njoroge,Kisumu,Guitar,Beginner,English,50,1.1,Blues Accelerator - 21 Days to Blues Guitar Mastery
Michael Kamau,Nakuru,Saxophone,Beginner,English,95,1.2,Alto Saxophone Lessons For Beginners
Mary Wanjiku,Nakuru,Piano,Intermediate,English,20,0.4,Instant Harmonica - Christmas; play Jingle Bells part 2 now!
David Kamau,Nakuru,Piano,Intermediate,Swahili,40,0.8,Piano With Willie: Jazz & Gospel Exercises
David Chebet,Nairobi,Piano,Intermediate,Swahili,35,0.8,Bending the blue notes to give you killer sound on harmonica
Joseph Njoroge,Nairobi,Guitar,Beginner,Swahili,20,1.9,"Beginner's Guitar: Tuning, Strumming, and Chords!"
Mary Ochieng,Nairobi,Piano,Beginner,Swahili,20,0.4,Instant Harmonica - play The Lion Sleeps Tonight - today!
Scales Vol. 3,Mombasa,Piano,Intermediate,English,40,0.4,Piano With Willie Building Technique with Scales Vol. 3
Ann Njoroge,Nairobi,Drums,Beginner,English,40,0.4,Instant Bodhran - part two; learning further drumming skills
Mary Chebet,Eldoret,Guitar,Beginner,English,20,0.4,Guitar Essentials
John Wanjiku,Nairobi,Drums,Beginner,English,20,0.6,Rhythm to Rock Drum Lessons
Jane Ochieng,Nairobi,Piano,Beginner,English,40,0.4,Learn to play and improve 12 bar blues harmonica solos
Paul Kamau,Nairobi,Piano,Beginner,English,35,0.4,Learn to improvise on your harmonica - in nice easy steps
Paul Mwangi,Nakuru,Guitar,Beginner,English,35,0.6,Learning Electric Guitar for Absolute Beginners
Sarah Mwangi,Mombasa,Piano,Intermediate,English,50,0.0,Advanced Bassoon Studies - Learn to Master the Bassoon!​
David Kamau,Nairobi,Guitar,Intermediate,English,20,0.9,Blues Guitar Lessons: Play Like the Greats - All Levels
Michael Mwangi,Nairobi,Piano,Intermediate,English,40,0.8,Instant Harmonica - play Whiskey in the Jar + Molly Malone!
Paul Otieno,Kisumu,Piano,Intermediate,English,50,0.8,Learn To Play Trumpet Fast Using The Passive Trumpet Tutor
John Chebet,Nairobi,Piano,Beginner,English,100,0.4,Electric Bass Right From The Start
Joseph Kiprop,Nakuru,Guitar,Beginner,Swahili,95,0.6,Beginner Guitar Essentials
Grace Mwangi,Kisumu,Piano,Intermediate,English,50,0.0,Advanced Tuba Studies - Become a Master of the Tuba!​
Peter Ochieng,Nairobi,Piano,Intermediate,English,20,0.4,'Greensleeves' Creative Piano Lessons Course
David Achieng,Nairobi,Drums,Beginner,Swahili,20,0.8,Rhythm to Rock Drum Lesson 4
David Chebet,Thika,Guitar,Beginner,Swahili,20,1.2,Hands On Guitar: Beyond Beginner
Peter Ochieng,Nairobi,Piano,Intermediate,Swahili,40,0.4,Instant harmonica - play Auld Lang Syne the neet (tonight)!
Esther Chebet,Nairobi,Piano,Beginner,English,25,0.8,Piano The Hard Way -  Fast Way To Life Long Piano Enjoyment
Sarah Ochieng,Nakuru,Piano,Intermediate,English,25,0.8,The Ultimate Method for Learning Modern Piano & Keyboards
Mary Otieno,Eldoret,Piano,Intermediate,English,50,0.8,Master the Bassoon - Intermediate Instruction Made Simple!
Mary Wanjiku,Thika,Piano,Intermediate,English,50,1.0,Oboe Pro Series - You're going to love practicing the Oboe
Paul Wanjiku,Nakuru,Piano,Beginner,English,40,0.6,Instant Harmonica - play this classic GAME OF THRONES theme!
Joseph Ochieng,Nairobi,Piano,Intermediate,English,50,1.1,"Trumpet Solos: Learn how to Perform Three Fun, Unique Pieces"
John Mutai,Nairobi,Drums,Intermediate,English,35,0.4,Learn 4 Vital things that will make your DRUM PLAYING EASIER
Jane Kiprop,Nakuru,Piano,Intermediate,English,50,0.9,Sax Solos: Learn how to Perform Three Fun and Unique Pieces!
Peter Chebet,Mombasa,Guitar,Beginner,English,25,0.6,Traditional-Style Electric Blues Guitar For Beginners
David Ochieng,Nairobi,Guitar,Intermediate,English,30,0.4,Aprende a tocar los mejores solos en la guitarra eléctrica
Joseph Wanjiku,Eldoret,Guitar,Intermediate,English,50,0.4,Aprende a tocar la guitarra
Grace Kamau,Nairobi,Piano,Intermediate,English,50,0.0,Aprende a tocar el piano desde cero
Grace Ochieng,Nairobi,Piano,Intermediate,English,50,0.0,Aprende a tocar el clarinete.  
Paul Otieno,Nairobi,Piano,Intermediate,Swahili,30,0.0,Ahora aprende a tocar jazz en el piano
Grace Mutai,Nairobi,Piano,Beginner,English,20,0.0,こどもギターレッスン　リトルギタリストⅡ
Michael Kiprop,Nairobi,Piano,Intermediate,English,50,0.4,Aprende a tocar el contrabajo sin complicaciones
Michael Mutai,Nairobi,Guitar,Intermediate,English,50,0.0,Aprende a tocar la guitarra eléctrica
Ann Mwangi,Nairobi,Guitar,Intermediate,English,50,0.0,Aprende a improvisar en la guitarra eléctrica
Jane Mutai,Mombasa,Piano,Beginner,English,40,0.0,Curso de Teclado
Joseph Achieng,Kisumu,Guitar,Beginner,English,20,0.4,Guitarra Acústica en Siete Días
Jane Achieng,Mombasa,Guitar,Intermediate,English,20,0.0,improvisación de Guitarra
John Wanjiku,Thika,Guitar,Beginner,English,100,0.4,Step by Step Classical Guitar Course
Scales Vol. 4,Nairobi,Piano,Intermediate,Swahili,40,0.0,Piano With Willie Building Technique with Scales Vol. 4
Jane Otieno,Nairobi,Piano,Intermediate,English,20,0.4,Back In Black the AC/DC Classic Rock Track
David Kiprop,Eldoret,Piano,Intermediate,English,25,0.4,Keyboard Basics
Sarah Achieng,Nairobi,Guitar,Beginner,Swahili,20,0.0,Beginner Guitar Lessons
Paul Kamau,Thika,Guitar,Beginner,Swahili,25,0.4,Guitar Fundamentals for Beginners
Grace Wanjiku,Nairobi,Piano,Beginner,English,20,0.4,Easy Piano - learn and play along
Sarah Chebet,Thika,Piano,Beginner,English,20,0.0,Learn Piano: The Basics of Keyboards
John Mutai,Nairobi,Piano,Intermediate,English,50,0.0,Bassoon Pro Series - You're going to love practicing Bassoon
Peter Achieng,Eldoret,Guitar,Beginner,English,95,0.8,Acoustic Guitar Lessons For Beginners
David Achieng,Mombasa,Guitar,Intermediate,English,50,0.0,Coach Guitar - Amazing New Way To Learn Guitar With Colors
Grace Kiprop,Thika,Guitar,Beginner,English,20,0.0,Mastering the Art of Guitar Chords
Esther Mutai,Nairobi,Guitar,Beginner,English,105,0.9,30 Day Guitar Jump Start for Success
Grace Otieno,Mombasa,Piano,Beginner,Swahili,50,1.4,Learn to Play Bassoon: Beginner to Pro in Under Four Hours!
Grace Ochieng,Thika,Guitar,Intermediate,Swahili,20,0.9,The 7 Day Guitar Method
John Mutai,Mombasa,Piano,Intermediate,English,40,0.8,Instant Harmonica - play Star Wars + the Lion Sleeps now!
John Mwangi,Mombasa,Piano,Intermediate,English,20,0.8,Instant harmonica - play Adele's wonderful 'Hello' today!
Ann Ochieng,Kisumu,Guitar,Beginner,English,50,0.6,Guitar Strumming 101 - Have More Fun Playing Songs You Love
Mary Mutai,Nairobi,Piano,Intermediate,English,50,1.1,Master Oboe Playing: Intermediate Instruction Made Simple!
John Otieno,Mombasa,Drums,Beginner,English,20,1.2,Drum Set for Beginners
John Kamau,Mombasa,Guitar,Intermediate,English,35,1.0,Guitar Lessons - Economy Picking Essentials
Mary Mwangi,Eldoret,Guitar,Intermediate,English,20,1.2,Blues Guitar Lessons - Blues Guitar - Robert Johnson
Fundamental Skills,Nairobi,Piano,Beginner,English,30,0.6,TAKE NOTE BEGINNER CLARINET!  –  Fun with Fundamental Skills
Joseph Achieng,Nairobi,Piano,Beginner,English,60,1.2,Learn to Play Irish Fiddle
David Otieno,Thika,Guitar,Beginner,English,20,1.2,Hands-On Guitar: The Beginner's Guide
John Kiprop,Eldoret,Piano,Intermediate,English,50,0.8,Slap Bass For Beginners
Sarah Ochieng,Nairobi,Piano,Beginner,English,25,1.0,Piano Lessons for Beginners Made Easy
Mary Otieno,Mombasa,Piano,Intermediate,Swahili,50,0.8,Horn Pro Series - You're going to love playing French Horn
Joseph Mwangi,Nairobi,Piano,Intermediate,English,20,0.4,Instant Harmonica - play the Irish tune Whiskey in the Jar!
John Wanjiku,Nairobi,Piano,Advanced,English,35,1.0,Didgeridoo - from zero to HERO! Part Three. Advanced level.
Peter Kiprop,Nairobi,Saxophone,Intermediate,English,50,0.9,Saxophone Pro Series - You're going to love practicing Sax
Paul Achieng,Nairobi,Piano,Beginner,English,115,1.2,Easy Piano for Kids - Complete Beginner Piano Course
David Chebet,Mombasa,Guitar,Intermediate,English,35,0.6,Guitar Lessons - Two Handed Tapping Essentials
The Clarinet,Nairobi,Piano,Intermediate,English,50,0.8,Clarinet Pro Series - Fall in love with the Clarinet
Jane Wanjiku,Thika,Piano,Intermediate,English,50,0.9,Advanced Trumpet Studies - Learn to Master the Trumpet!​
Mary Mwangi,Thika,Piano,Beginner,English,20,0.4,Poldark TV series Soundtracks for Piano-Quicklessons
John Wanjiku,Kisumu,Saxophone,Intermediate,Swahili,50,1.3,Master the Saxophone: Intermediate Instruction Made Simple!
Mary Otieno,Mombasa,Saxophone,Beginner,English,20,1.2,You Can Play Jazz Saxophone
Esther Chebet,Nairobi,Piano,Intermediate,English,20,0.8,"Improvise Puccini´s 'E Lucevan le Stelle on Piano"""
David Achieng,Nakuru,Piano,Intermediate,Swahili,20,1.1,Building Up To Barre Chords
Joseph Mwangi,Kisumu,Violin,Intermediate,English,80,1.1,Learn the Violin - Bowing Techniques
Mary Otieno,Nairobi,Guitar,Intermediate,Swahili,45,1.0,Blues Guitar Lessons - Volume 3 - Minor Blues Essentials
Michael Mwangi,Eldoret,Piano,Intermediate,English,50,1.8,Back 2 The Basics
Jane Kiprop,Nakuru,Piano,Intermediate,English,25,1.6,Play the Jews Harp - instant skills for non musicians.
Michael Kamau,Eldoret,Piano,Intermediate,English,50,1.6,Master Trumpet Playing: Intermediate Instruction Made Simple
Michael Wanjiku,Kisumu,Guitar,Intermediate,English,60,0.8,Practical Guitar Theory: Level 1
Michael Ochieng,Mombasa,Piano,Intermediate,English,40,0.8,Instant harmonica - enjoy playing Silent Night tonight!
Michael Wanjiku,Nairobi,Piano,Intermediate,English,35,1.2,HARP&SOUL  |  Learn the Secrets of the Harmonica
Mary Achieng,Eldoret,Guitar,Intermediate,English,195,1.2,"Play Leyenda, Canarios, and Bach on Classical Guitar"
David Njoroge,Eldoret,Piano,Intermediate,English,40,1.2,Instant Harmonica - play the cool tune Dirty Old Town now!
John Mwangi,Nairobi,Guitar,Beginner,English,45,1.3,Ultimate Beginner Guitar Guide - Both Acoustic & Electric 
Jane Achieng,Nairobi,Guitar,Beginner,Swahili,50,0.9,Guitar Lessons : Rock Guitar in 1 Day!
Michael Mwangi,Nairobi,Piano,Intermediate,Swahili,40,1.1,Tenor Banjo
Jane Ochieng,Nakuru,Guitar,Intermediate,Swahili,20,1.2,Introduction to Lead Guitar
Jane Chebet,Thika,Piano,Beginner,English,40,0.9,Piano With Willie: Basics of Improvisation
The Euphonium,Nairobi,Piano,Intermediate,English,50,0.6,Euphonium Pro Series - Fall in love with the Euphonium
Ann Wanjiku,Mombasa,Guitar,Intermediate,English,45,1.0,Pure Rock Guitar : Play Like the Gods of Rock!
John Kamau,Nairobi,Piano,Intermediate,English,50,1.2,Master the French Horn: Intermediate Instruction Made Simple
David Mutai,Thika,Guitar,Intermediate,English,175,0.0,Classical Guitar Technique: 80/20
Jane Kamau,Nakuru,Guitar,Beginner,English,45,0.9,Total beginner to intermediate guitar - Learn to play by ear
Ann Njoroge,Nakuru,Piano,Beginner,English,50,0.6,Aprende escalas y arpegios  Vol. I: Modo mayor
Esther Achieng,Nairobi,Guitar,Beginner,English,40,1.2,Aprende a tocar Guitarra RAPIDO y FACIL con Guitarsimple
Sarah Wanjiku,Nairobi,Piano,Beginner,English,55,0.4,Ukulele lernen für Papas mit Bruder Jakob
Jane Chebet,Nairobi,Piano,Beginner,English,20,0.6,Tin Whistle Básico
David Mutai,Nairobi,Piano,Intermediate,English,40,0.9,Leve a sua técnica de pedal duplo para um novo patamar
Grace Chebet,Eldoret,Piano,Intermediate,Swahili,40,0.9,Sevillanas con Castañuelas - Baile y toque al mismo tiempo
Ann Chebet,Nakuru,Piano,Beginner,English,20,0.8,見てわかる！やさしく独習アコギ（入門編）TAKA先生のアコースティックギターレッスンⅠ
Jane Kiprop,Thika,Piano,Beginner,English,20,0.4,【すぐに覚える！】ASALATO-アサラト(打楽器)初心者向け入門講座
Sarah Mutai,Thika,Piano,Intermediate,English,35,1.2,Aprende a Tocar Teclado - Piano
David Ochieng,Mombasa,Piano,Intermediate,English,40,0.6,Castañuelas por Sevillanas - Curso del toque de castañuelas
Michael Mutai,Nakuru,Piano,Beginner,English,50,1.1,Aprende a tocar el acordeón de botones
Jane Njoroge,Eldoret,Piano,Intermediate,English,20,0.8,Aprende a tocar Música Cristiana en el piano y teclado
Michael Achieng,Nakuru,Guitar,Beginner,English,20,0.8,Easy Guitar Songwriting And Harmony
Mary Mwangi,Nairobi,Piano,Beginner,English,35,0.8,How to play easy tunes on the harmonica - just the basics
Esther Kamau,Nairobi,Drums,Beginner,English,20,0.6,Rhythm to Rock Drum Lessons 2
Ann Chebet,Nairobi,Piano,Intermediate,English,40,0.9,Instant Harmonica - play Over the Rainbow + Skye Boat now!
John Wanjiku,Thika,Piano,Beginner,Swahili,30,0.9,Bagpipe Instruction For Beginners
John Chebet,Mombasa,Flute,Intermediate,English,50,0.9,"Flute Solos: Learn how to Perform Three Fun, Unique Pieces"
Grace Ochieng,Nairobi,Drums,Beginner,English,20,0.6,Rhythm to Rock Drum Lessons 3
Michael Chebet,Kisumu,Guitar,Intermediate,Swahili,35,1.1,Guitar Lessons - Sweep Picking Arpeggio Essentials
Grace Njoroge,Mombasa,Piano,Beginner,English,40,0.4,Painless Piano!
Paul Wanjiku,Nairobi,Flute,Beginner,English,20,1.4,Beginning Flute Lessons
Mary Mwangi,Nairobi,Piano,Intermediate,English,40,0.4,Piano Lesson Variety
Michael Kamau,Kisumu,Piano,Beginner,English,180,1.2,Pop and Jazz Keyboards and Harmony (beginner level)
Ann Chebet,Mombasa,Piano,Intermediate,Swahili,35,0.8,Starting to play the blues on your harmonica in easy steps 
Esther Ochieng,Nakuru,Piano,Beginner,English,80,0.8,Learn the Viola - Scales and Fundamentals
Sarah Otieno,Mombasa,Piano,Intermediate,Swahili,40,0.9,"Learn to Play 'Let It Snow on Piano"""
Jane Chebet,Eldoret,Piano,Intermediate,English,40,0.4,Instant Harmonica - play the Irish anthem Danny Boy today!
Peter Otieno,Mombasa,Piano,Beginner,English,20,0.0,Piano Building Blocks: Learn Chord Additions & Variations
Ann Kiprop,Mombasa,Saxophone,Intermediate,English,50,1.0,Advanced Saxophone Studies - Learn to Master the Saxophone!
Mary Kiprop,Eldoret,Piano,Intermediate,English,35,0.6,Killer Harmonica sounds using the tongue and bending notes 
David Otieno,Nairobi,Piano,Beginner,English,20,0.4,Instant Harmonica - play When the Saints on harmonica now!
Michael Otieno,Nairobi,Guitar,Beginner,Swahili,20,0.8,Strumming the Guitar - 5 Lessons on Strum Patterns
Esther Kiprop,Nairobi,Piano,Beginner,English,50,0.4,Learn Piano Online-Keys to the Keyboard
Sarah Wanjiku,Nakuru,Piano,Beginner,Swahili,20,1.2,Ukulele Lessons For Beginners - Fast Track Your Learning
David Achieng,Mombasa,Guitar,Advanced,English,20,0.8,Blues Guitar Lessons - Ragtime Blues Guitar
Power Chords,Kisumu,Piano,Beginner,Swahili,20,0.0,Getting Started with Power Chords
Grace Mwangi,Nairobi,Piano,Intermediate,English,75,0.0,Blues Master - Professional Techniques Piano Course
Grace Kamau,Nairobi,Drums,Beginner,English,50,0.0,Drumming 101: The Essential Elements
Grace Achieng,Nairobi,Flute,Beginner,English,95,0.0,Flute Lessons For Beginners
Grace Chebet,Nairobi,Guitar,Beginner,English,20,0.0,Guitar for Christmas!
Ann Achieng,Mombasa,Piano,Intermediate,English,60,0.0,Learn Piano Online-Nocturnal Piano Solo
Peter Otieno,Nairobi,Guitar,Beginner,English,20,0.0,Guitar Chords and Basic Strumming
Esther Kamau,Nairobi,Guitar,Beginner,English,20,0.0,Getting Started on the Acoustic Guitar
Ann Otieno,Eldoret,Piano,Intermediate,Swahili,60,0.0,Learn Piano Online-In the Garden Piano Solo
Paul Kiprop,Nairobi,Saxophone,Beginner,English,40,0.0,Saxophone Essentials: Beginners Course
Ann Chebet,Mombasa,Guitar,Beginner,English,20,0.4,Learn To Play The Guitar In A Day
John Chebet,Nakuru,Piano,Beginner,English,25,0.0,88 Logic - The Essential Guide To Learning Piano
Michael Mutai,Nairobi,Piano,Intermediate,English,50,0.0,Tuba Solos: Learn how to Perform Three Fun and Unique Pieces
Sarah Kiprop,Mombasa,Piano,Intermediate,English,40,0.6,Instant Harmonica - play Dylan's Like a Rolling Stone now!
John Mutai,Eldoret,Piano,Advanced,English,50,0.0,Advanced Oboe Studies - Become a Master Oboist!​
Peter Wanjiku,Eldoret,Piano,Intermediate,English,40,0.0,Instant Harmonica - play 'I just called to say I love you'
Grace Njoroge,Nairobi,Piano,Intermediate,English,30,0.4,Jazz piano improvisation: The girl form Ipanema. Bossa nova
Paul Kamau,Eldoret,Drums,Beginner,English,95,0.4,Drum Lessons For Beginners
Mary Otieno,Nairobi,Piano,Beginner,English,40,0.4,Piano With Willie: Jazz Kids - Vol 3
Jane Mwangi,Nairobi,Piano,Intermediate,English,35,0.4,Quick Piano Lessons - Tutorials for Drake's Greatest Hits
Esther Kamau,Nairobi,Guitar,Intermediate,English,30,0.4,"Bluegrass Guitar Essentials: Webisodes 13, 14, & 15"
Marc Seal,Thika,Guitar,Intermediate,English,20,0.4,Guitar - Rock - Beginner with Marc Seal
John Njoroge,Nairobi,Piano,Intermediate,English,50,0.0,"Oboe Solos: Learn to Perform Three Fun, Unique Pieces!"
Ann Achieng,Nairobi,Guitar,Intermediate,English,30,0.4,Bluegrass Guitar Essentials: Webisodes 11 & 12
Joseph Mwangi,Mombasa,Piano,Intermediate,English,50,0.0,Advanced Horn Studies - Learn to Master the French Horn!​
Ann Kamau,Nairobi,Guitar,Beginner,English,20,0.0,Learn To Play Guitar Complete Beginners Quick Start
Jane Wanjiku,Nairobi,Piano,Intermediate,English,40,0.0,Piano With Willie: Jazz Kids - Vol 4
Mary Mwangi,Nairobi,Piano,Beginner,English,20,0.0,Instant Harmonica - play the old Popeye Spinach song now !
David Kamau,Nairobi,Piano,Beginner,English,40,0.0,Piano With Willie: Jazz Kids - Vol 2
No Previous Experience And Become A Pro,Nairobi,Guitar,Beginner,English,30,0.0,Practice guitar with no previous experience and become a pro
John Achieng,Nairobi,Drums,Beginner,English,95,0.0,The Music Coach Online Spirit Drum Course
The Ipad,Mombasa,Piano,Beginner,Swahili,20,0.0,Make Electronic Music with the iPad
Paul Njoroge,Nairobi,Piano,Intermediate,English,20,0.0,Learn Loreena McKennitt Songs-Quicklessons Piano Course
Michael Kiprop,Nairobi,Guitar,Beginner,English,20,0.4,Guitar 201: Breakthroughs
Mary Njoroge,Eldoret,Piano,Intermediate,English,20,0.4,Major Scales and Modes for Chromatic Harmonica
Rhythm,Nairobi,Guitar,Beginner,English,20,0.0,Play Guitar with Rhythm - 5 Easy Lessons
Sarah Ochieng,Kisumu,Guitar,Intermediate,English,135,0.4,Coaching Bundle: Guitar for Music Educators: Part 1
Esther Kamau,Nairobi,Guitar,Intermediate,Swahili,135,0.4,Coaching Bundle: Guitar for Music Educators: Part 2
Esther Chebet,Nairobi,Piano,Intermediate,English,25,0.0,Ukulele 3:  Intermediate
Esther Ochieng,Nairobi,Guitar,Beginner,English,25,0.0,"Beginners Guitar Course - 'Try it and love it method"""
Ann Kamau,Nairobi,Piano,Intermediate,English,130,0.0,Coaching Course: Rhythm Instruction for Music Educators P1
Sarah Wanjiku,Nairobi,Piano,Intermediate,English,20,0.0,Learn Pirates of the Caribbean by Ear on the Piano
Esther Chebet,Nairobi,Piano,Intermediate,English,125,0.0,Coaching Course: Rhythm Instruction for Music Educators P2
Jane Njoroge,Nairobi,Piano,Beginner,English,20,0.0,4 Week Rhythm Mastery
Grace Mutai,Nairobi,Piano,Intermediate,English,20,0.0,Tune that Sour Note on Your Piano
David Kiprop,Nairobi,Piano,Intermediate,English,20,0.0,Learn Vikings Soundtracks on the Piano by Ear
David Mutai,Nairobi,Piano,Beginner,English,35,0.0,Learn to Play Piano Like a Pro - Easy Piano Course 1
Esther Njoroge,Nairobi,Piano,Beginner,English,20,0.0,ABRSM Grade III Piano Class - Handel Sonatina in G 2017-2018
Peter Ochieng,Mombasa,Piano,Intermediate,English,40,0.6,Instant Harmonica - play 12 bar blues Big Walter style now!
Esther Achieng,Kisumu,Guitar,Intermediate,English,20,1.4,Fingerpicking Blues Guitar Lessons - Bottleneck Guitar
Some Easy Flamenco Techniques! ,Nairobi,Piano,Intermediate,English,40,1.4,Spice up your playing with some easy Flamenco techniques! 
John Wanjiku,Nakuru,Guitar,Beginner,English,85,1.8,Beginners Guide to Playing Guitar - Step-by-step System
David Njoroge,Mombasa,Guitar,Beginner,English,20,2.2,Guitar Kick Start
Ann Achieng,Nairobi,Piano,Beginner,English,20,0.8,Instant Harmonica – play Beethoven’s Ode to Joy right now!
David Ochieng,Eldoret,Guitar,Intermediate,English,35,1.1,Funk Rhythm Guitar Techniques
Paul Ochieng,Eldoret,Guitar,Beginner,English,25,1.7,Flamenco Guitar
David Wanjiku,Nairobi,Piano,Intermediate,English,50,1.5,Learn to play the Bouzouki - Greek Bouzouki Lessons
Paul Kiprop,Nairobi,Guitar,Intermediate,English,45,1.5,Guitar Looper Basic Training
David Mwangi,Nakuru,Piano,Beginner,English,40,0.8,Piano With Willie: Jazz Kids - Vol 1
David Njoroge,Kisumu,Piano,Beginner,English,20,0.8,Instant Harmonica - play the Drunken Sailor sea shanty now! 
Paul Achieng,Nairobi,Piano,Intermediate,English,20,0.0,Learn to Play Sweet Child of Mine
Sarah Otieno,Nairobi,Guitar,Intermediate,Swahili,20,1.5,Bluegrass Guitar Essentials: Webisodes 1 & 2
Joseph Njoroge,Nairobi,Piano,Beginner,English,20,1.9,Learn Monster GODJ
Esther Kamau,Nairobi,Piano,Beginner,English,20,0.4,What you can learn before Piano Lessons
Michael Njoroge,Mombasa,Drums,Beginner,English,20,0.0,Learn to Play Tabla - The Indian drums
Paul Wanjiku,Nairobi,Piano,Beginner,Swahili,20,1.9,Gitarre spielen wie die Profis
John Njoroge,Nairobi,Piano,Intermediate,English,170,1.8,Curso de piano 101 - Tocando partituras y acordes -
John Achieng,Kisumu,Piano,Intermediate,English,85,1.4,Sintetizadores e Síntese Subtrativa
Joseph Wanjiku,Nairobi,Piano,Beginner,English,100,1.9,Spielend Klavier lernen mit Freude und Erfolg
Sarah Mutai,Nairobi,Piano,Intermediate,English,50,0.4,Curso de ejercicios técnicos al piano Vol.2
David Njoroge,Kisumu,Piano,Intermediate,English,60,1.3,Curso de ejercicios técnicos al piano Vol.1
Joseph Kamau,Eldoret,Piano,Intermediate,Swahili,50,0.4,Aprende escalas y arpegios Vol.2 : Modo menor
John Otieno,Mombasa,Piano,Intermediate,English,40,0.4,Instant Harmonica - play Blowing in the Wind + Popeye theme!
Paul Mutai,Mombasa,Piano,Beginner,English,20,0.4,Instant Harmonica - play jazzy Autumn Leaves now (part one)
Paul Mwangi,Nairobi,Piano,Beginner,English,95,0.8,Trumpet Lessons For Beginners
Marc Seal,Nairobi,Guitar,Beginner,English,20,0.9,Guitar - Rock - Beginner/Intermediate with Marc Seal
Michael Ochieng,Mombasa,Piano,Intermediate,English,20,0.8,Learn to play in the Key of G on any Bluegrass Instrument
Joseph Mwangi,Nairobi,Guitar,Beginner,English,200,0.6,Beginner Guitar Method
David Njoroge,Nairobi,Guitar,Intermediate,English,25,0.4,How to Play Dan Fogelberg Songs on Guitar
David Otieno,Nairobi,Piano,Advanced,English,30,0.4,Jews Harp - Advanced course
John Mwangi,Nairobi,Piano,Beginner,English,20,0.4,Instant Harmonica - play jazzy Autumn Leaves now (part two)
Jane Wanjiku,Nairobi,Guitar,Intermediate,English,20,0.4,Jazz Guitar Reharmonization for Autumn Leaves
Esther Wanjiku,Nairobi,Saxophone,Beginner,Swahili,95,1.0,Tenor Saxophone Lessons For Beginners
Esther Kiprop,Nairobi,Drums,Intermediate,English,40,0.0,Mike G's Beginner Drum Course: Part 2
Joseph Kiprop,Nairobi,Piano,Intermediate,Swahili,40,0.6,Instant Harmonica - play Summertime + Drunken Sailor now!
Ann Njoroge,Eldoret,Guitar,Intermediate,English,20,0.6,Add Slide To Your Guitar Playing
David Mwangi,Mombasa,Piano,Intermediate,English,40,0.6,Piano With Willie: Piano Chords Vol. 2
Michael Mutai,Kisumu,Drums,Beginner,English,50,0.6,Drum Lessons For Beginners
Joseph Kiprop,Nakuru,Guitar,Intermediate,English,195,1.4,Classical Guitar Finger-Picking: Right Hand Arpeggios
Peter Ochieng,Nairobi,Guitar,Beginner,English,30,0.8,"Rapidly Learn & Master Acoustic Guitar, Classic Fingerstyle"
Esther Kiprop,Nairobi,Piano,Beginner,English,35,0.6,Play tunes on harmonica and learn how to bend some notes
Mary Achieng,Mombasa,Piano,Intermediate,English,40,1.0,Instant Harmonica - play Yesterday + Scarborough Fair today!
Paul Kamau,Mombasa,Violin,Beginner,English,20,1.1,Violin lessons for beginners
Mary Achieng,Kisumu,Piano,Beginner,Swahili,25,1.7,Old-Time Banjo for the Absolute Beginner
Michael Kamau,Nairobi,Guitar,Beginner,Swahili,25,0.6,"Learn Guitar The Easy Way, It's Faster"
Joseph Njoroge,Nairobi,Piano,Intermediate,English,20,1.4,Learn Oud 2
Joseph Ochieng,Nairobi,Guitar,Beginner,English,20,2.2,The Essentials of Acoustic Guitar Strumming Patterns
Sarah Kiprop,Nairobi,Guitar,Intermediate,English,45,1.6,Acoustic Guitar After The Basics
Esther Njoroge,Mombasa,Guitar,Beginner,English,20,1.1,Bossa Nova - Guitar for Beginners
Esther Ochieng,Mombasa,Piano,Beginner,English,40,0.9,Piano With Willie: Piano Chords Vol. 1
David Mutai,Nairobi,Piano,Beginner,English,40,1.2,Instant Harmonica - play Summertime in 8 fun & easy lessons
Michael Njoroge,Thika,Piano,Intermediate,English,50,1.7,Learn to Play the Tuba: Beginner to Pro in Under Five Hours!
No Reading!,Mombasa,Piano,Intermediate,Swahili,30,1.3,Play Autumn Leaves' falling notes on piano with no reading!
Paul Mutai,Nairobi,Flute,Beginner,English,180,1.7,Learn Basics of South Indian Carnatic Flute - Level 2
David Ochieng,Nairobi,Piano,Beginner,English,20,1.8,A Year's Worth of Piano Lessons in One Weekend
Sarah Mutai,Nairobi,Piano,Intermediate,English,200,1.3,Bones of the Blues - learn 4 cool tunes to expert level now!
Peter Kamau,Nairobi,Guitar,Beginner,English,20,1.4,GUITAR #1: Beginner Basics and Beyond
David Chebet,Nairobi,Guitar,Intermediate,English,50,0.8,Pure Modal Magic: The Complete Guitar Modes Solution
Esther Achieng,Nairobi,Guitar,Intermediate,Swahili,20,0.4,Aprende diferentes ritmos con la guitarra rítmica
Mary Chebet,Nairobi,Piano,Intermediate,English,50,0.0,Aprender a tocar la batería sin salir de casa
Jane Njoroge,Nairobi,Piano,Intermediate,Swahili,50,0.0,Aprende a tocar el bajo eléctrico 
Esther Ochieng,Eldoret,Piano,Intermediate,English,50,0.0,Aprende todos los secretos de la salsa para piano
Sarah Mutai,Nairobi,Piano,Intermediate,English,50,0.0,Aprende a tocar ritmos latinos en el teclado
Michael Otieno,Mombasa,Piano,Beginner,English,55,0.0,Ukulele lernen für Papas mit Aram sam sam
Mary Achieng,Nairobi,Piano,Intermediate,English,50,0.6,Aprende a tocar la trompeta
Paul Otieno,Thika,Guitar,Beginner,Swahili,20,0.0,Curso de guitarra para principiantes.
David Kamau,Nairobi,Guitar,Intermediate,Swahili,50,0.0,Aprende a tocar Jazz y Ritmos Latinos en la guitarra
Peter Chebet,Nairobi,Piano,Beginner,English,20,0.0,こどもギターレッスン　リトルギタリストⅢ（完結編）
Ann Mwangi,Thika,Piano,Intermediate,English,50,0.0,Aprende a tocar la flauta dulce de forma sencilla y gradual
Sarah Njoroge,Eldoret,Piano,Intermediate,English,20,0.0,"Aprende a tocar jazz, salsa y blues en el piano"
